{
  "project_info": {
    "project_number": "215368615178",
    "project_id": "foodkart-5bb1b",
    "storage_bucket": "foodkart-5bb1b.appspot.com"
  },
  "client": [
    {
      "client_info": {
        "mobilesdk_app_id": "1:215368615178:android:86b1060ef9e91046f426f3",
        "android_client_info": {
          "package_name": "com.android.foodkart.app"
        }
      },
      "oauth_client": [
        {
          "client_id": "215368615178-k7bk9rsnc2v8b1k2kf4osuutdqgrnj0s.apps.googleusercontent.com",
          "client_type": 3
        }
      ],
      "api_key": [
        {
          "current_key": "AIzaSyCWAzqkreE9eL3v-p9qLmjIbQXoR0w4gT4"
        }
      ],
      "services": {
        "appinvite_service": {
          "other_platform_oauth_client": [
            {
              "client_id": "215368615178-k7bk9rsnc2v8b1k2kf4osuutdqgrnj0s.apps.googleusercontent.com",
              "client_type": 3
            }
          ]
        }
      }
    }
  ],
  "configuration_version": "1"
}